Nome da Empresa;Origem;Sub-Origem;Mercado;Produto;Site;País;Estado;Cidade;Logradouro;Numero;Bairro;Complemento;CEP;Telefone;Telefone 2;Observação;            Nome Contato;E-mail Contato;Cargo Contato;Tel. Contato;Tel. 2 Contato;LinkedIn Contato;Tipo do Serv. Comunicação;ID do Serv. Comunicação;CpfCnpj;Duplicado
A + Locacao de Veiculos e Transportes Ltda;;;ÁGUA, ESGOTO, ATIVIDADES DE GESTÃO DE RESÍDUOS E DESCONTAMINAÇÃO; Coleta de lixo;;BRASIL;BAHIA;Amelia Rodrigues;Rua Amanda de Assis Costa, S/N;S/N;Cento e Quinze;;44230-000;(75) 99993-6668 ;  ;; ;maislimpezaurbana@gmail.com; ; ;;;;; 14766158000181 ;
A Limpcano Desentupimento e Succao de Fossas Ltda;;;ÁGUA, ESGOTO, ATIVIDADES DE GESTÃO DE RESÍDUOS E DESCONTAMINAÇÃO; Desobstrucao de tubulacao;www.limpcano.com.br;BRASIL;BAHIA;Salvador;Rua Guary, 18;S/N;Daniel Lisboa;;40283-790;(71) 3356-4555 ;  ;; ;limpcano@limpcano.com.br; ; ;;;;; 16390536000109 ;
A M Empreendimentos e Servicos Eireli - EPP;;;ÁGUA, ESGOTO, ATIVIDADES DE GESTÃO DE RESÍDUOS E DESCONTAMINAÇÃO; Coleta de lixo urbano;;BRASIL;BAHIA;Capim Grosso;Rua 15 de Novembro, S/N;S/N;Centro;;44695-000;(75) 99148-9929 ; (74) 99113-7575 ;; ;amempreendimentoseservicos@gmail.com; ; ;;;;; 12874063000156 ;
AD Construtora e Empreendimentos Ltda;;;ÁGUA, ESGOTO, ATIVIDADES DE GESTÃO DE RESÍDUOS E DESCONTAMINAÇÃO; Material reciclavel;;BRASIL;BAHIA;Maracas;Rua Antonio da Rocha Dias, 145-B;S/N;Centro;;45360-000;(75) 99955-5936 ; (75) 3426-2128 ;; ;miltondegino@yahoo.com.br; ; ;;;;; 17467204000130 ;
Adenilton Francisco da Silva Eireli;;;ÁGUA, ESGOTO, ATIVIDADES DE GESTÃO DE RESÍDUOS E DESCONTAMINAÇÃO; Estaca ecologica;;BRASIL;BAHIA;Elisio Medrado;Fazenda Arco Verde, S/N;S/N;Zona Rural;;45305-000;(75) 98800-0825 ; (75) 98825-2872 ;; ;estacasarcoverde2017@yahoo.com; ; ;;;;; 19203446000141 ;
AJF Transportes e Comercio Eireli;;;ÁGUA, ESGOTO, ATIVIDADES DE GESTÃO DE RESÍDUOS E DESCONTAMINAÇÃO; Coleta de entulho classe A;;BRASIL;BAHIA;Salvador;Rua Direta de Santo Inacio, 08-A;S/N;Jardim Santo Inacio;;41231-010;(71) 3393-0349 ;  ;; ;ajf.ltda@hotmail.com; ; ;;;;; 29269254000191 ;
All Efluentes do Nordeste Ltda;;;ÁGUA, ESGOTO, ATIVIDADES DE GESTÃO DE RESÍDUOS E DESCONTAMINAÇÃO; Tratamento de efluentes industriais;www.opersan.com.br;BRASIL;BAHIA;Camacari;Rua Joao Ursulo, S/N;S/N;Polo Petroquimico;;42810-030;(71) 3634-6134 ; (71) 97400-6136 ;; ;contato@opersan.com.br; ; (11) 3504-3200;;;;; 10648922000163 ;
Alo Entulho Ltda;;;ÁGUA, ESGOTO, ATIVIDADES DE GESTÃO DE RESÍDUOS E DESCONTAMINAÇÃO; Cacamba;www.aloentulhoba.com.br;BRASIL;BAHIA;Vitoria da Conquista;Av Dep Luis Eduardo Magalhaes, 09-A;S/N;Candeias;;45029-750;(77) 3084-1588 ;  ;; ;contatos@aloentulhoba.com.br; ; ;;;;; 10543613000129 ;
Alvaro Mendes de Freitas Junior ;;;ÁGUA, ESGOTO, ATIVIDADES DE GESTÃO DE RESÍDUOS E DESCONTAMINAÇÃO; Coleta hospitalar;;BRASIL;BAHIA;Salvador;Rua da Matriz, 307;S/N;Valeria;;41300-600;(71) 3301-7446 ; (71) 98859-6263 ;; ;neutrofixresiduos@hotmail.com; ; ;;;;; 07156507000188 ;
Amana Reciclagem de Produtos Ltda;;;ÁGUA, ESGOTO, ATIVIDADES DE GESTÃO DE RESÍDUOS E DESCONTAMINAÇÃO; Reciclaveis;;BRASIL;BAHIA;Luis Eduardo Magalhaes;Rua B, S/N;S/N;Lot Centro Indl do Cerrado;;47850-000;(77) 99963-2000  ; (77) 99871-1000 ;; ;recicla_brasil@hotmail.com; ; (77) 99909-0076;;;;; 10343850000146 ;
3Eme Industria e Comercio de Confeccoes Ltda;;;ÁGUA, ESGOTO, ATIVIDADES DE GESTÃO DE RESÍDUOS E DESCONTAMINAÇÃO; Uniforme (industrial, empresarial, hospitalar, restaurante);;BRASIL;BAHIA;Salvador;Rua do Uruguai, 15;S/N;Uruguai;;40454-260;(71) 3356-6586 ;  ;; ;officer5uniformes@gmail.com; ; ;;;;; 13647787000120 ;
3G Premoldados Ltda;;;ÁGUA, ESGOTO, ATIVIDADES DE GESTÃO DE RESÍDUOS E DESCONTAMINAÇÃO; Muro pre-moldado;(71) 3304-5676 / (71) 99999-6904 / (71) 98695-2236;BRASIL;BAHIA;Terreo; Po de pedra;S/N; Sem Interesse;; Sem Interesse;Estado:;;; ;Estado:; ;;;;;; 11960133000126 ;
A & A Fabrica de Gelo Ltda;;;ÁGUA, ESGOTO, ATIVIDADES DE GESTÃO DE RESÍDUOS E DESCONTAMINAÇÃO; Gelo;www.geluscatu.com.br;BRASIL;BAHIA;Catu;Rua Rodolfo Goes, 275-B;S/N;Pioneiro;;48110-000;(71) 99966-6445 ;  ;; ;cassiogoes@geluscatu.com.br; ; ;;;;; 26253259000138 ;
A & E Supermercado Ltda;;;ÁGUA, ESGOTO, ATIVIDADES DE GESTÃO DE RESÍDUOS E DESCONTAMINAÇÃO; Biscoito;;BRASIL;BAHIA;Salvador;Estrada da Cachoeirinha, 1519-B;S/N;Cabula VI;;41181-057;(71) 3371-5443 ;  ;; ;raquelmixcabula@gmail.com; ; ;;;;; 23768927000171 ;
A & S Industria de Biscoitos Ltda;;;ÁGUA, ESGOTO, ATIVIDADES DE GESTÃO DE RESÍDUOS E DESCONTAMINAÇÃO; Biscoito (polvilho, folheado, tipo champagne);;BRASIL;BAHIA;Santo Antonio de Jesus;Av Antonio Carlos Magalhaes, 456-A;S/N;Sao Benedito;;44573-440;(75) 3631-3284 ;  ;; ;biscoitosoares@hotmail.com; ; ;;;;; 22192712000192 ;
A + Locacao de Veiculos e Transportes Ltda;;;ÁGUA, ESGOTO, ATIVIDADES DE GESTÃO DE RESÍDUOS E DESCONTAMINAÇÃO; Coleta de lixo;;BRASIL;BAHIA;Amelia Rodrigues;Rua Amanda de Assis Costa, S/N;S/N;Cento e Quinze;;44230-000;(75) 99993-6668 ;  ;; ;maislimpezaurbana@gmail.com; ; ;;;;; 14766158000181 ;
A A & J Cunha Industria e Comercio de Materiais de Construcao Ltda;;;ÁGUA, ESGOTO, ATIVIDADES DE GESTÃO DE RESÍDUOS E DESCONTAMINAÇÃO; Argamassa;www.argamassavitoria.com.br;BRASIL;BAHIA;Vitoria da Conquista;Rua 01, Chacaras 7/8 Quadra AB, S/N;S/N;Vila Elisa;;45000-970;(77) 99964-6345  ; (77) 3420-8084 ;; ;argamassavitoria@hotmail.com; ; ;;;;; 04504763000120 ;
A A de Oliveira Serralheria - ME;;;ÁGUA, ESGOTO, ATIVIDADES DE GESTÃO DE RESÍDUOS E DESCONTAMINAÇÃO; Corrimao;;BRASIL;BAHIA;Santo Estevao;Rua Cezilio Pires Sao Bernardo, 72;S/N;Centro;;44190-000;(75) 98116-6583 ; (75) 99188-5994 ;; ;aadeoliveiraserralheria@gmail.com; ; (75) 99191-8385;;;;; 16586106000159 ;
A A L Comercial Metalurgica Ltda;;;ÁGUA, ESGOTO, ATIVIDADES DE GESTÃO DE RESÍDUOS E DESCONTAMINAÇÃO; Janela;;BRASIL;BAHIA;Mutuipe;Av do Cruzeiro, 1316;S/N;Centro;;45480-000;(75) 3635-1219 ;  ;; ;ferro-vale@hotmail.com; ; ;;;;; 04488112000194 ;
A A Mota Laticinios - EPP;;;ÁGUA, ESGOTO, ATIVIDADES DE GESTÃO DE RESÍDUOS E DESCONTAMINAÇÃO; Manteiga;;BRASIL;BAHIA;Feira de Santana;Rua Canguaretama, 55;S/N;Sitio Matias;;44091-334;(75) 3485-3099  ; (75) 3623-2929 ;; ;mota.laticinios@hotmail.com; ; ;;;;; 04082105000198 ;
A Alves Lima;;;ÁGUA, ESGOTO, ATIVIDADES DE GESTÃO DE RESÍDUOS E DESCONTAMINAÇÃO; Toldo;;BRASIL;BAHIA;Itabuna;Av Juca Leao, 330;S/N;Centro;;45600-162;(73) 3211-8180 ; (73) 98834-8008 ;; ;placasul@hotmail.com; ; (73) 98104-6763;;;;; 11014286000180 ;
A Bery Retifica de Motores Ltda;;;ÁGUA, ESGOTO, ATIVIDADES DE GESTÃO DE RESÍDUOS E DESCONTAMINAÇÃO; Retifica em geral;;BRASIL;BAHIA;Salvador;Rua California, 49-A;S/N;Paripe;;40810-030;(71) 3307-1240 ; (71) 98816-0980 ;; ;retificaparipe2010@hotmail.com; ; ;;;;; 14785020000120 ;
A Bezerra da Silva - ME;;;ÁGUA, ESGOTO, ATIVIDADES DE GESTÃO DE RESÍDUOS E DESCONTAMINAÇÃO;Lista de Insumos:;;BRASIL;BAHIA;Feira de Santana;Av Artemia Pires Freitas, 100;S/N;SIM;;44085-370;(75) 3224-5835 ; (75) 3030-1023 ;; ;evolucao.granito@gmail.com; ; ;;;;; 18662195000109 ;
A Brasileira Industria Grafica, Serv e Representacao Ltda;;;ÁGUA, ESGOTO, ATIVIDADES DE GESTÃO DE RESÍDUOS E DESCONTAMINAÇÃO; Brinde  Carimbo;Site:;BRASIL;BAHIA;Município:;Logradouro:;S/N;Bairro:;;CEP:;Email:;;; ;Email:; ;;;;;; 04958915000165 ;
A Brito dos Santos Filho - ME;;;ÁGUA, ESGOTO, ATIVIDADES DE GESTÃO DE RESÍDUOS E DESCONTAMINAÇÃO; Leite de coco;;BRASIL;BAHIA;Itabuna;Rua Itabuna, 520-B;S/N;Ferradas;;45613-204;(73) 3211-5384 ;  ;; ;chocolatejeanne@yahoo.com.br; ; ;;;;; 11962364000179 ;
A C Amazonas Eireli - EPP;;;ÁGUA, ESGOTO, ATIVIDADES DE GESTÃO DE RESÍDUOS E DESCONTAMINAÇÃO; Sabao liquido;www.natuclean.com.br;BRASIL;BAHIA;Feira de Santana;Rod BR-324 Km 102, S/N;S/N;CIS;;44096-486;(75) 3221-9033 ;  ;; ;adm.natuclean@gmail.com; ; ;;;;; 07981403000108 ;
A C de Lima Premoldados - ME;;;ÁGUA, ESGOTO, ATIVIDADES DE GESTÃO DE RESÍDUOS E DESCONTAMINAÇÃO; Manilha;;BRASIL;BAHIA;Juazeiro;Rua Jose Severo Lins, 271;S/N;Pedra do Lord;;48901-440;(74) 3611-8937 ; (74) 98812-8738 ;; ;acdelimapremoldados@gmail.com; ; ;;;;; 22584227000164 ;
A C Dias de Oliveira Granitos - ME;;;ÁGUA, ESGOTO, ATIVIDADES DE GESTÃO DE RESÍDUOS E DESCONTAMINAÇÃO; Pia;;BRASIL;BAHIA;Teixeira de Freitas;Rua Aluizio de Azevedo, 321;S/N;Jardim Liberdade;;45994-342;(73) 3013-7075 ; (73) 99914-0026 ;; ;ouroverdegranitos@gmail.com; ; (73) 99901-6855;;;;; 19364849000172 ;
A C L Silva Santana - ME;;;ÁGUA, ESGOTO, ATIVIDADES DE GESTÃO DE RESÍDUOS E DESCONTAMINAÇÃO; Camiseta personalizada;;BRASIL;BAHIA;Jequie;Rua Bertino Passos, 74;S/N;Centro;;45202-340;(73) 3525-7208 ;  ;; ;anavieira7@hotmail.com; ; ;;;;; 02859152000170 ;
A C S Guimares Eireli - EPP;;;ÁGUA, ESGOTO, ATIVIDADES DE GESTÃO DE RESÍDUOS E DESCONTAMINAÇÃO; Moda intima;;BRASIL;BAHIA;Vitoria da Conquista;Rua Oscar Freire, 41;S/N;Centro;;45000-880;(77) 2101-6105 ; (77) 98831-1009 ;; ;mariadapaz.lsa@gmail.com; ; ;;;;; 23661396000113 ;
A Carvalho da Silva Marcenaria - ME;;;ÁGUA, ESGOTO, ATIVIDADES DE GESTÃO DE RESÍDUOS E DESCONTAMINAÇÃO; Movel empresarial, industrial e residencial;;BRASIL;BAHIA;Itaberaba;Rua Lauro Farane de Freitas, 405;S/N;Paroquial;;46880-000;(75) 99253-3997 ;  ;; ;ad.carvalho@yahoo.com.br; ; ;;;;; 10661506000103 ;
A Catavento Comunicacao Visual Ltda;;;ÁGUA, ESGOTO, ATIVIDADES DE GESTÃO DE RESÍDUOS E DESCONTAMINAÇÃO; Toten;;BRASIL;BAHIA;Salvador;Rua Arnaldo Lopes da Silva, 66;S/N;Stiep;;41770-035;(71) 3347-7171 ;  ;; ;catavento@cataventoba.com.br; ; ;;;;; 05923766000161 ;
A Fabrica de Lajes - Ferragens Prontas e Materiais de Construcao Ltda;;;ÁGUA, ESGOTO, ATIVIDADES DE GESTÃO DE RESÍDUOS E DESCONTAMINAÇÃO; Laje com bloco de isopor;;BRASIL;BAHIA;Salvador;Rua Dep Herculano Menezes, 8170-A;S/N;Cajazeiras VIII;;41338-800;(71) 3291-9456 ;  ;; ;afabricadelajes@hotmail.com; ; ;;;;; 07759377000178 ;
A Goncalves dos Santos;;;ÁGUA, ESGOTO, ATIVIDADES DE GESTÃO DE RESÍDUOS E DESCONTAMINAÇÃO; Bloco;;BRASIL;BAHIA;Santa Terezinha;Rua da Baixa, 1277;S/N;Serra Grande;;44590-000;(75) 99889-7380 ; (75) 99850-7457 ;; ;ag.premoldados1@gmail.com; ; ;;;;; 11197436000139 ;
A Grafica da Feira Ltda;;;ÁGUA, ESGOTO, ATIVIDADES DE GESTÃO DE RESÍDUOS E DESCONTAMINAÇÃO; Caixa  Cartaz;Site:;BRASIL;BAHIA;Município:;Logradouro:;S/N;Bairro:;;CEP:;Email:;;; ;Email:; ;;;;;; 14418917000115 ;
A H Manutencao e Servicos Eireli ;;;ÁGUA, ESGOTO, ATIVIDADES DE GESTÃO DE RESÍDUOS E DESCONTAMINAÇÃO; Reforma civil;www.engeservice.webnode.com;BRASIL;BAHIA;Ilheus;Caminho 5, 19;S/N;Hernani Sa;;45656-542;(73) 3632-8124 ;  ;; ;engeserviceilheus@gmail.com; ; ;;;;; 29332199000137 ;
A J da Silva - ME;;;ÁGUA, ESGOTO, ATIVIDADES DE GESTÃO DE RESÍDUOS E DESCONTAMINAÇÃO; Grade;;BRASIL;BAHIA;Ibirapitanga;Rua Sao Luiz de Cima, S/N;S/N;Camamuzinho;;45500-000;(73) 98807-2574 ; (73) 98124-6103 ;; ;consergecontabilidade@hotmail.com; ; ;;;;; 17550478000198 ;
A J Ideal Manutencao Ltda;;;ÁGUA, ESGOTO, ATIVIDADES DE GESTÃO DE RESÍDUOS E DESCONTAMINAÇÃO; Manutencao em equipamento hidraulico, pneumatico, mecanico e eletrico;;BRASIL;BAHIA;Camacari;Av Jorge Amado, 34;S/N;Ponto Certo;;42801-170;(71) 3627-3654 ; (71) 98331-6317 ;; ;comercial@manutencaoideal.com.br; ; ;;;;; 22262746000106 ;
A J Marmoraria Eireli;;;ÁGUA, ESGOTO, ATIVIDADES DE GESTÃO DE RESÍDUOS E DESCONTAMINAÇÃO; Pia;;BRASIL;BAHIA;Mucuri;Av Brasil, 348;S/N;Cidade Nova;;45930-000;(73) 3605-3152  ; (73) 99992-4061 ;; ;contatos@pedrabonitamarmoraria.com.br; ; ;;;;; 04102891000148 ;
A J Silva Fabricacao de Cosmeticos Ltda;;;ÁGUA, ESGOTO, ATIVIDADES DE GESTÃO DE RESÍDUOS E DESCONTAMINAÇÃO; Reparador de pontas;;BRASIL;BAHIA;Itabuna;Rod Ilheus/Itabuna BR 415 Km 24, S/N;S/N;Parque Verde;;45604-795;(73) 3212-4930 ;  ;; ;ajsilvacosmeticos@hotmail.com; ; ;;;;; 10547772000100 ;
A L Delicatessen Ltda;;;ÁGUA, ESGOTO, ATIVIDADES DE GESTÃO DE RESÍDUOS E DESCONTAMINAÇÃO; Caldo  Doce;Site:;BRASIL;BAHIA;Município:;Logradouro:;S/N;Bairro:;;CEP:;Email:;;; ;Email:; ;;;;;; 14774479000128 ;
A L Lima Madeiras;;;ÁGUA, ESGOTO, ATIVIDADES DE GESTÃO DE RESÍDUOS E DESCONTAMINAÇÃO; Barrote;;BRASIL;BAHIA;Alagoinhas;Rodovia BR-101, S/N;S/N;Zona Rural;;48010-970;(75) 99986-6504 ;  ;; ;compradireta@live.com; ; ;;;;; 28676657000192 ;
A Limpcano Desentupimento e Succao de Fossas Ltda;;;ÁGUA, ESGOTO, ATIVIDADES DE GESTÃO DE RESÍDUOS E DESCONTAMINAÇÃO; Desobstrucao de tubulacao;www.limpcano.com.br;BRASIL;BAHIA;Salvador;Rua Guary, 18;S/N;Daniel Lisboa;;40283-790;(71) 3356-4555 ;  ;; ;limpcano@limpcano.com.br; ; ;;;;; 16390536000109 ;
A M Cairo Santana & Cia Ltda;;;ÁGUA, ESGOTO, ATIVIDADES DE GESTÃO DE RESÍDUOS E DESCONTAMINAÇÃO; Artesanato;;BRASIL;BAHIA;Itubera;Rua Santo Andre, 66;S/N;Pina;;45435-000;(73) 98135-7434 ;  ;; ;metalurgicabetel01@hotmail.com; ; ;;;;; 12925523000128 ;
A M Empreendimentos e Servicos Eireli - EPP;;;ÁGUA, ESGOTO, ATIVIDADES DE GESTÃO DE RESÍDUOS E DESCONTAMINAÇÃO; Coleta de lixo urbano;;BRASIL;BAHIA;Capim Grosso;Rua 15 de Novembro, S/N;S/N;Centro;;44695-000;(75) 99148-9929 ; (74) 99113-7575 ;; ;amempreendimentoseservicos@gmail.com; ; ;;;;; 12874063000156 ;
A M F Barroca Moveis - ME;;;ÁGUA, ESGOTO, ATIVIDADES DE GESTÃO DE RESÍDUOS E DESCONTAMINAÇÃO; Moveis planejados;;BRASIL;BAHIA;Feira de Santana;Rua Flamengo, 470;S/N;Gabriela III;;44028-183;(75) 98842-0345 ;  ;; ;amf01@hotmail.com; ; ;;;;; 06221171000127 ;
A M R de Araujo de Conceicao do Coite;;;ÁGUA, ESGOTO, ATIVIDADES DE GESTÃO DE RESÍDUOS E DESCONTAMINAÇÃO; Amendoim;;BRASIL;BAHIA;Conceicao do Coite;Est Conceicao do Coite ao Pov de Santa Rosa, S/N;S/N;Zona Rural;;48730-000;(75) 3262-1050 ;  ;; ;amrdearaujo@gmail.com; ; ;;;;; 07393983000112 ;
A N Engenharia Eireli - EPP;;;ÁGUA, ESGOTO, ATIVIDADES DE GESTÃO DE RESÍDUOS E DESCONTAMINAÇÃO; Projeto, instalacao e montagem de sistema eletrico predial, comercial e industrial;www.araujonetto.com.br;BRASIL;BAHIA;Lauro de Freitas;Rua Dr Gerino de Souza Filho, 1815;S/N;Itinga;;42738-200;(71) 3029-9559 ; (71) 3029-9595 ;; ;rh@araujonetto.com.br; ; ;;;;; 05926201000138 ;
A P S Pallet Fort Ind e Com Varejista de Pallet Eireli;;;ÁGUA, ESGOTO, ATIVIDADES DE GESTÃO DE RESÍDUOS E DESCONTAMINAÇÃO; Palete;;BRASIL;BAHIA;Camacari;Av Rene Montenegro de Almeida, S/N;S/N;Montenegro (Est da Cascalheira);;42800-970;(71) 3599-7510 ; (71) 99617-0156 ;; ;apspallet@hotmail.com; ; ;;;;; 13485119000143 ;
A Palmeira dos Santos Atelie;;;ÁGUA, ESGOTO, ATIVIDADES DE GESTÃO DE RESÍDUOS E DESCONTAMINAÇÃO; Estamparia em camisa;;BRASIL;BAHIA;Salvador;Rua Nilo Pecanha, 20;S/N;Calcada;;40411-380;(71) 98636-0169 ;  ;; ;thompsonsolucoes@gmail.com; ; ;;;;; 17961577000162 ;
A Pinheiro Trindade Nascimento - ME;;;ÁGUA, ESGOTO, ATIVIDADES DE GESTÃO DE RESÍDUOS E DESCONTAMINAÇÃO; Folder;;BRASIL;BAHIA;Una;Rua Sete de Setembro, 107;S/N;Centro;;45690-000;(73) 3236-2013 ;  ;; ;graficaregional1@gmail.com; ; ;;;;; 10299682000139 ;
A Preditiva Eletrica Ltda;;;ÁGUA, ESGOTO, ATIVIDADES DE GESTÃO DE RESÍDUOS E DESCONTAMINAÇÃO; Manutencao de motor;;BRASIL;BAHIA;Feira de Santana;Av Dep Colbert Martins da Silva, 916;S/N;Tomba;;44091-002;(75) 3622-4548 ; (75) 98835-0862 ;; ;apreditiva@gmail.com; ; (75) 98800-6183;;;;; 63237937000103 ;
A R Abatedouro Ltda;;;ÁGUA, ESGOTO, ATIVIDADES DE GESTÃO DE RESÍDUOS E DESCONTAMINAÇÃO;Lista de Insumos:;;BRASIL;BAHIA;Luis Eduardo Magalhaes;Rodovia BR-020 Km 203, S/N;S/N;Zona Rural;;47850-000;(77) 3628-2104 ;  ;; ;andresitiodosol@gmail.com; ; ;;;;; 22354605000113 ;
A R Ceramica Ltda;;;ÁGUA, ESGOTO, ATIVIDADES DE GESTÃO DE RESÍDUOS E DESCONTAMINAÇÃO; Bloco ceramico 8 furos;;BRASIL;BAHIA;Riachao do Jacuipe;Fazenda Pedra, S/N;S/N;Barreiros;;44640-000;(75) 99814-7415 ; (75) 3269-1046 ;; ;ceramicaalisson@hotmail.com; ; ;;;;; 22416435000154 ;
A S de Jesus Reparos - EPP;;;ÁGUA, ESGOTO, ATIVIDADES DE GESTÃO DE RESÍDUOS E DESCONTAMINAÇÃO; Manutencao de motor;;BRASIL;BAHIA;Cruz das Almas;Praca da Bandeira, 136;S/N;Centro;;44380-000;(75) 3621-6268 ;  ;; ;bomotec01@hotmail.com; ; ;;;;; 06137899000175 ;
A S S Metalurgica Ltda;;;ÁGUA, ESGOTO, ATIVIDADES DE GESTÃO DE RESÍDUOS E DESCONTAMINAÇÃO; Janela;;BRASIL;BAHIA;Santo Antonio de Jesus;Rua A, 9982;S/N;Amparo;;44572-650;(75) 3631-3424 ;  ;; ;ferrobahia@hotmail.com; ; ;;;;; 19008643000100 ;
A S Vidracaria Ltda;;;ÁGUA, ESGOTO, ATIVIDADES DE GESTÃO DE RESÍDUOS E DESCONTAMINAÇÃO; Vidro;www.usevidros.com.br;BRASIL;BAHIA;Brumado;Av Centenario, 270-A;S/N;Centro;;46100-000;(77) 3441-3435 ; (77) 99916-9020 ;; ;arlindo@usevidros.com.br; ; ;;;;; 96723119000161 ;
A Santana de Almeida Santos Comercio de Confeccoes;;;ÁGUA, ESGOTO, ATIVIDADES DE GESTÃO DE RESÍDUOS E DESCONTAMINAÇÃO; Calca jeans;;BRASIL;BAHIA;Salvador;Av Tancredo Neves, 148;S/N;Caminho das Arvores;;41820-908;(71) 99115-8158 ;  ;; ;albertosantanaalmeida@gmail.com; ; ;;;;; 25228114000114 ;
A Soberana Marmores e Granitos Eireli;;;ÁGUA, ESGOTO, ATIVIDADES DE GESTÃO DE RESÍDUOS E DESCONTAMINAÇÃO; Granito  Marmore;Site:;BRASIL;BAHIA;Município:;Logradouro:;S/N;Bairro:;;CEP:;Email:;;; ;Email:; ;;;;;; 02439474000160 ;
A Vieira Ramos;;;ÁGUA, ESGOTO, ATIVIDADES DE GESTÃO DE RESÍDUOS E DESCONTAMINAÇÃO; Biscoito;;BRASIL;BAHIA;Jequie;Rua Ulisses Coelho Lima, 704;S/N;Km 03;;45208-040;(73) 3526-0853  ; (73) 98854-9866 ;; ;biscoitosbahia@hotmail.com; ; ;;;;; 13019627000136 ;
A Z Industria e Comercio de Polpas de Frutas Ltda;;;ÁGUA, ESGOTO, ATIVIDADES DE GESTÃO DE RESÍDUOS E DESCONTAMINAÇÃO; Polpa de fruta em tambor;;BRASIL;BAHIA;Gandu;Fazenda Bom Jardim, S/N;S/N;Zona Rural;;45450-000;(73) 99982-0059 ;  ;; ;bomfrutgandu@outlook.com; ; ;;;;; 05535038000182 ;
A&S Industria e Comercio de Moveis Eireli;;;ÁGUA, ESGOTO, ATIVIDADES DE GESTÃO DE RESÍDUOS E DESCONTAMINAÇÃO; Armario de cozinha;;BRASIL;BAHIA;Salvador;Rua Juazeiro, 131-A;S/N;Caixa D'Agua;;40321-055;(71) 3386-4632 ;  ;; ;vendas@aesmoveis.com.br; ; ;;;;; 13635198000121 ;
A. A. dos Santos Refrigeracao - ME;;;ÁGUA, ESGOTO, ATIVIDADES DE GESTÃO DE RESÍDUOS E DESCONTAMINAÇÃO; Instalacao e manutencao de refrigeracao industrial;;BRASIL;BAHIA;Conceicao da Feira;Rua Vila dos Coqueiros, 391;S/N;Centro;;44320-000;(75) 98173-4355 ;  ;; ;ademasfrius@bol.com.br; ; ;;;;; 12560433000180 ;
A. Alves Vieira;;;ÁGUA, ESGOTO, ATIVIDADES DE GESTÃO DE RESÍDUOS E DESCONTAMINAÇÃO; Sebo;;BRASIL;BAHIA;Itamaraju;Rua Nilo Pecanha, 289;S/N;Liberdade;;45836-000;(73) 99941-0417 ;  ;; ;; ; ;;;;; 27341297000105 ;
A. C. Blocos Ltda;;;ÁGUA, ESGOTO, ATIVIDADES DE GESTÃO DE RESÍDUOS E DESCONTAMINAÇÃO; Bloco;;BRASIL;BAHIA;Santo Amaro;Distrito Tanque da Senzala, S/N;S/N;Tanque da Senzala;;44200-000;(75) 99979-4961 ;  ;; ;ac_comercial@hotmail.com; ; ;;;;; 19044303000134 ;
A. C. da Silva Souza - ME;;;ÁGUA, ESGOTO, ATIVIDADES DE GESTÃO DE RESÍDUOS E DESCONTAMINAÇÃO; Carroceria para veiculo e reparos;;BRASIL;BAHIA;Feira de Santana;Av Eduardo Froes da Mota, 440;S/N;Santa Monica;;44078-015;(75) 3625-1513 ;  ;; ;saocristovaocarroceria@hotmail.com; ; ;;;;; 08106607000162 ;
A. C. de Oliveira - ME;;;ÁGUA, ESGOTO, ATIVIDADES DE GESTÃO DE RESÍDUOS E DESCONTAMINAÇÃO; Acessorio;;BRASIL;BAHIA;Riachao do Jacuipe;Trv Ana Paulina Mascarenhas, 43;S/N;Bela Vista;;44640-000;(75) 3264-3018  ; (75) 99114-3513 ;; ;stiluscapas@hotmail.com; ; ;;;;; 07838706000176 ;
A. C. de Sousa - Industria;;;ÁGUA, ESGOTO, ATIVIDADES DE GESTÃO DE RESÍDUOS E DESCONTAMINAÇÃO; Cama popular;;BRASIL;BAHIA;Capim Grosso;Rua Joao Figueiredo, 159;S/N;Jardim Araujo;;44695-000;44695-000;;; ;adisbalfaturamento.xml@gmail.com; ;;;;;; 96852843000195 ;
A. C. F. Ribeiro - ME;;;ÁGUA, ESGOTO, ATIVIDADES DE GESTÃO DE RESÍDUOS E DESCONTAMINAÇÃO; Iogurte;;BRASIL;BAHIA;Cansancao;Rua Heron Dias de Andrade, 08;S/N;Centro;;48840-000;(73) 3274-1245 ; (75) 99117-5906 ;; ;iogurtemania@uol.com.br; ; ;;;;; 21940312000155 ;
A. dos S. Dias Panificadora - ME;;;ÁGUA, ESGOTO, ATIVIDADES DE GESTÃO DE RESÍDUOS E DESCONTAMINAÇÃO; Bolo;;BRASIL;BAHIA;Feira de Santana;Rua Jacobina, 122;S/N;Jardim Cruzeiro;;44024-212;(75) 3023-0108 ; (75) 98109-6589 ;; ;fafa_rios@hotmail.com; ; ;;;;; 05531400000147 ;
A. F. Mamona & Cia Ltda;;;ÁGUA, ESGOTO, ATIVIDADES DE GESTÃO DE RESÍDUOS E DESCONTAMINAÇÃO; Vestido;;BRASIL;BAHIA;Feira de Santana;Rua Suecia, 234;S/N;Ponto Central;;44075-336;(75) 3622-4633 ;  ;; ;mamona.industria@yahoo.com.br; ; ;;;;; 08821127000183 ;
A. Lima Rodrigues & Cia Ltda;;;ÁGUA, ESGOTO, ATIVIDADES DE GESTÃO DE RESÍDUOS E DESCONTAMINAÇÃO; Placa para fachada;;BRASIL;BAHIA;Eunapolis;Av Ruy Barbosa, 520;S/N;Centro;;45820-281;(73) 3281-6535 ;  ;; ;maxima@maximacomvoce.com.br; ; ;;;;; 20768294000103 ;
A. M. A. do Nascimento Industria, Comercio e Servicos;;;ÁGUA, ESGOTO, ATIVIDADES DE GESTÃO DE RESÍDUOS E DESCONTAMINAÇÃO;Lista de Insumos:;;BRASIL;BAHIA;Feira de Santana;Rua L (Feira X), S/N;S/N;Muchila;;44006-000;(75) 99155-7010 ; (75) 98183-6792 ;; ;marcoscamisetas@hotmail.com; ; ;;;;; 14567149000161 ;
A. P. de Araujo - ME;;;ÁGUA, ESGOTO, ATIVIDADES DE GESTÃO DE RESÍDUOS E DESCONTAMINAÇÃO; Fachada;;BRASIL;BAHIA;Camacari;Rua Sao Lazaro, 133;S/N;Camacari de Dentro;;42806-050;(71) 3621-0793 ;  ;; ;pintletra14@gmail.com; ; ;;;;; 03863993000113 ;
A. R. de Almeida Comercio de Gesso;;;ÁGUA, ESGOTO, ATIVIDADES DE GESTÃO DE RESÍDUOS E DESCONTAMINAÇÃO; Placa de gesso;;BRASIL;BAHIA;Porto Seguro;Rua Conde, 9999;S/N;Rio dos Mangues;;45810-000;(73) 98831-7530 ; (73) 99107-0072 ;; ;gsgessoseguro@hotmail.com; ; (73) 98819-5025;;;;; 10244033000130 ;
A. R. Protese Dentaria Ltda;;;ÁGUA, ESGOTO, ATIVIDADES DE GESTÃO DE RESÍDUOS E DESCONTAMINAÇÃO; Gesso;;BRASIL;BAHIA;Feira de Santana;Rua Conselheiro Franco, 200;S/N;Centro;;44002-128;(75) 3223-7767 ;  ;; ;robenilsonprotese@hotmail.com; ; ;;;;; 13148983000150 ;
A. R. S. da Silva Artigos do Vestuario - EPP;;;ÁGUA, ESGOTO, ATIVIDADES DE GESTÃO DE RESÍDUOS E DESCONTAMINAÇÃO; Moda feminina;;BRASIL;BAHIA;Feira de Santana;Caminho 6 (Cj Feira IX), Rua C, 14;S/N;Calumbi;;44009-104;(75) 3226-5631 ;  ;; ;brumon_fabrica@hotmail.com; ; ;;;;; 00722307000368 ;
A. R. Servicos Graficos e Comercio Ltda;;;ÁGUA, ESGOTO, ATIVIDADES DE GESTÃO DE RESÍDUOS E DESCONTAMINAÇÃO; Adesivo;;BRASIL;BAHIA;Ipira;Rua Eduardo Reis, 36;S/N;Centro;;44600-000;(75) 99146-4108 ;  ;; ;rep.ar@hotmail.com; ; ;;;;; 07755096000147 ;
A. Rodrigo Resk Morais Serralheria;;;ÁGUA, ESGOTO, ATIVIDADES DE GESTÃO DE RESÍDUOS E DESCONTAMINAÇÃO; Corrimao;;BRASIL;BAHIA;Porto Seguro;Av Adno Musser, 6150;S/N;Cambolo;;45810-000;(73) 99926-4975 ;  ;; ;rodrigoresk@hotmail.com; ; ;;;;; 24029122000179 ;
A. S. Vidracaria Ltda;;;ÁGUA, ESGOTO, ATIVIDADES DE GESTÃO DE RESÍDUOS E DESCONTAMINAÇÃO; Guarda-corpo;;BRASIL;BAHIA;Brumado;Av Centerario, 270-A;S/N;Novo Brumado;;46100-000;(77) 3441-3435 ; (77) 3444-1469 ;; ;contatobrumado@usevidros.com.br; ; ;;;;; 96723119000323 ;
A. S. Vidracaria Ltda;;;ÁGUA, ESGOTO, ATIVIDADES DE GESTÃO DE RESÍDUOS E DESCONTAMINAÇÃO; Box;www.usevidros.com.br;BRASIL;BAHIA;Livramento de Nossa Senhora;Av Dr Edilson Pontes, 167-B ;S/N;Centro;;46140-000;(77) 3444-1469 ; (77) 3441-3435 ;; ;contatolivramento@usevidros.com.br; ; ;;;;; 96723119000242 ;
A.M.S. Rios Fabricacao e Comercio de Bolsas Ltda;;;ÁGUA, ESGOTO, ATIVIDADES DE GESTÃO DE RESÍDUOS E DESCONTAMINAÇÃO;Lista de Insumos:;;BRASIL;BAHIA;Serrolandia;Av Manoel Roque Rodrigues, 691;S/N;Centro;;44710-000;(74) 3631-2361 ;  ;; ;wabolsas@hotmail.com; ; ;;;;; 05411554000103 ;
A2MS Fabricacao de Estruturas Metalicas Ltda;;;ÁGUA, ESGOTO, ATIVIDADES DE GESTÃO DE RESÍDUOS E DESCONTAMINAÇÃO; Estrutura metalica;;BRASIL;BAHIA;Salvador;Trv Sao Judas Tadeu, 189;S/N;Itinga;;42700-000;(71) 3379-4948 ; (71) 3626-1181 ;; ;alberto.mario@hotmail.com; ; ;;;;; 19017997000110 ;
A3print Solucoes Personalizadas Ltda;;;ÁGUA, ESGOTO, ATIVIDADES DE GESTÃO DE RESÍDUOS E DESCONTAMINAÇÃO; Impresso em geral;;BRASIL;BAHIA;Lauro de Freitas;Rua Gerino de Souza Filho, 1808;S/N;Itinga;;42700-000;(71) 3035-6068 ;  ;; ;ilde@3promo.com; ; ;;;;; 17008147000120 ;
AASS Industria e Comercio de Estofados Ltda;;;ÁGUA, ESGOTO, ATIVIDADES DE GESTÃO DE RESÍDUOS E DESCONTAMINAÇÃO; Cola;;BRASIL;BAHIA;Santo Antonio de Jesus;Loteamento Sales, 9901;S/N;Barro Vermelho;;44572-610;(75) 3631-7711  ; (75) 98229-8002 ;; ;elyonsaj@gmail.com; ; ;;;;; 07902659000182 ;
AAT International Ltda;;;ÁGUA, ESGOTO, ATIVIDADES DE GESTÃO DE RESÍDUOS E DESCONTAMINAÇÃO; Juvenil de tilapia;;BRASIL;BAHIA;Paulo Afonso;Av Maranhao, 24;S/N;Sal Torrado II Chesf;;48607-280;(75) 3281-9018 ;  ;; ;; ; ;;;;; 02288814000107 ;
AB Artes Graficas Ltda;;;ÁGUA, ESGOTO, ATIVIDADES DE GESTÃO DE RESÍDUOS E DESCONTAMINAÇÃO; Adesivo;;BRASIL;BAHIA;Irece;Rua Lauro Barreto, 28;S/N;Centro;;44900-000;(74) 3641-4466 ;  ;; ;artgraf.b@hotmail.com; ; ;;;;; 05558880000130 ;
AB Servicos e Manutencao de Maquinas e Comercio Varejista Ltda;;;ÁGUA, ESGOTO, ATIVIDADES DE GESTÃO DE RESÍDUOS E DESCONTAMINAÇÃO; Manutencao de ar condicionado central;;BRASIL;BAHIA;Salvador;Av Afranio Peixoto, 09;S/N;Itacaranha;;40713-580;(71) 3398-9294 ; (71) 98789-0815 ;; ;barbario@ig.com.br; ; ;;;;; 06344348000182 ;
Abade Sampaio Manutencao e Servicos Eireli;;;ÁGUA, ESGOTO, ATIVIDADES DE GESTÃO DE RESÍDUOS E DESCONTAMINAÇÃO; Servico de caldeiraria;;BRASIL;BAHIA;Dias D Avila;Av Garcia Davila, 306;S/N;Vila Petropolis;;42850-000;(71) 3625-4016  ; (71) 98143-0786 ;; ;abbadeengenharia@gmail.com; ; ;;;;; 34211524000143 ;
Abatedouro de Aves o Galeto Ltda;;;ÁGUA, ESGOTO, ATIVIDADES DE GESTÃO DE RESÍDUOS E DESCONTAMINAÇÃO; Abate de frango;;BRASIL;BAHIA;Salvador;Rua da Forca, 15;S/N;Largo 2 de Julho;;40060-340;(71) 3321-1325 ;  ;; ;; ; ;;;;; 14668990000145 ;
Abatedouro Santanense Ltda;;;ÁGUA, ESGOTO, ATIVIDADES DE GESTÃO DE RESÍDUOS E DESCONTAMINAÇÃO; Abate de bovino;;BRASIL;BAHIA;Santana;Fazenda Buraco da Onca, S/N;S/N;Zona Rural;;47700-000;(77) 3484-3456 ;  ;; ;aldirdf@hotmail.com; ; ;;;;; 08874838000116 ;
Abdalla & Nascimento Ltda;;;ÁGUA, ESGOTO, ATIVIDADES DE GESTÃO DE RESÍDUOS E DESCONTAMINAÇÃO; Encadernacao;;BRASIL;BAHIA;Salvador;Av Manoel Dias da Silva, 970;S/N;Pituba;;41830-001;(71) 3345-1999 ;  ;; ;personalize.ba@bol.com.br; ; ;;;;; 13734011000147 ;
Abigrafica Servicos Graficos Ltda;;;ÁGUA, ESGOTO, ATIVIDADES DE GESTÃO DE RESÍDUOS E DESCONTAMINAÇÃO; Folder;;BRASIL;BAHIA;Vitoria da Conquista;Rua Maneca da Prata, 129;S/N;Brasil;;45051-050;(77) 3423-2540 ;  ;; ;abigrafica@gmail.com; ; ;;;;; 17383346000119 ;
Abimael Pereira de Oliveira;;;ÁGUA, ESGOTO, ATIVIDADES DE GESTÃO DE RESÍDUOS E DESCONTAMINAÇÃO; Manutencao e reparacao de plantadeiras;;BRASIL;BAHIA;Luis Eduardo Magalhaes;Av Arnaldo Horacio Ferreira / BR-242, 1185;S/N;90 Comercial;;47850-000;(77) 3628-3732 ;  ;; ;agropel.tecnologia@outlook.com; ; ;;;;; 11456968000143 ;
ABR Estruturas e Equipamentos Ltda;;;ÁGUA, ESGOTO, ATIVIDADES DE GESTÃO DE RESÍDUOS E DESCONTAMINAÇÃO; Ponte;;BRASIL;BAHIA;Vitoria da Conquista;Av Juracy Magalhaes, 1950;S/N;Bela Vista;;45023-490;(77) 3424-5123 ;  ;; ;abrestruturas@gmail.com; ; ;;;;; 07112305000134 ;
ABS Poliestireno Ltda;;;ÁGUA, ESGOTO, ATIVIDADES DE GESTÃO DE RESÍDUOS E DESCONTAMINAÇÃO; Embalagem industrial;www.isobahia.com;BRASIL;BAHIA;Santo Antonio de Jesus;Rod BA-026 Km 02 Lot Cidade Nova Qd H-3, S/N;S/N;Barro Vermelho;;44570-000;(75) 3631-2222 ;  ;; ;ivamsousa@hotmail.com; ; ;;;;; 13236748000130 ;
AC Leite da Silva Panificacao Eireli;;;ÁGUA, ESGOTO, ATIVIDADES DE GESTÃO DE RESÍDUOS E DESCONTAMINAÇÃO; Biscoito;;BRASIL;BAHIA;Salvador;Rua Luis Eduardo Magalhaes, 43;S/N;Itapua;;41630-700;(71) 3286-4179  ; (71) 98143-4331 ;; ;paesnery@ig.com.br; ; ;;;;; 10870217000106 ;
Acai Flash Eireli;;;ÁGUA, ESGOTO, ATIVIDADES DE GESTÃO DE RESÍDUOS E DESCONTAMINAÇÃO; Creme de acai, morango, maracuja, cupuacu e graviola;www.acaiflash.com.br;BRASIL;BAHIA;Palmas de Monte Alto;Av 1, S/N;S/N;Mota I;;46460-000;(77) 99975-0612 ; (77) 98104-8163 ;; ;admacaiflash@gmail.com; ; ;;;;; 30038898000158 ;
Acai Fruit Show Ltda;;;ÁGUA, ESGOTO, ATIVIDADES DE GESTÃO DE RESÍDUOS E DESCONTAMINAÇÃO; Acai;www.acaifshow.com;BRASIL;BAHIA;Feira de Santana;Rua Boa Vista de Goias, 260;S/N;Lagoa Salgada;;44082-050;(75) 3021-3906 ; (75) 99258-7805 ;; ;atendimento@acaifshow.com; ; ;;;;; 24574706000125 ;
Acai no Kilo Industria e Comercio de Alimentos Eireli;;;ÁGUA, ESGOTO, ATIVIDADES DE GESTÃO DE RESÍDUOS E DESCONTAMINAÇÃO; Sorvete de acai;;BRASIL;BAHIA;Feira de Santana;Rua C, 97;S/N;Mangabeira;;44056-008;(75) 3030-4451 ; (75) 99236-4082 ;; ;acainokilo@gmail.com; ; ;;;;; 28543636000107 ;
Acai Porto Seguro Ind e Com de Alimentos e Bebidas Ltda;;;ÁGUA, ESGOTO, ATIVIDADES DE GESTÃO DE RESÍDUOS E DESCONTAMINAÇÃO; Acai;www.pointacai.net;BRASIL;BAHIA;Porto Seguro;Rua Jacaranda, 700;S/N;Quintas do Descobrimento;;45810-000;(73) 3288-0202 ;  ;; ;david_pointacai@hotmail.com; ; ;;;;; 17029004000103 ;
Acc Brasil Industria e Comercio de Computadores Ltda;;;ÁGUA, ESGOTO, ATIVIDADES DE GESTÃO DE RESÍDUOS E DESCONTAMINAÇÃO; Microcomputador;www.accept.com.br;BRASIL;BAHIA;Ilheus;Av Itabuna, 1880;S/N;Basilio;;45658-565;(73) 3234-7300 ; (11) 2102-9420 ;; ;william@accept.com.br; ; (11) 2102-9433;;;;; 07157915000154 ;
Acciona Windpower Brasil - Com e Ind de Equipamentos Eolicos Ltda;;;ÁGUA, ESGOTO, ATIVIDADES DE GESTÃO DE RESÍDUOS E DESCONTAMINAÇÃO; Turbina eolica;www.nordex-online.com;BRASIL;BAHIA;Mulungu do Morro;Fazenda Santa Rita, S/N;S/N;Distrito de Varzea do Cerco;;44885-000;(11) 3047-2900 ; (11) 3047-2974 ;; ;; ; (11) 3047-2914;;;;; 13536632001198 ;
Aceflex do Nordeste Contentores Flexiveis Eireli;;;ÁGUA, ESGOTO, ATIVIDADES DE GESTÃO DE RESÍDUOS E DESCONTAMINAÇÃO; Contentor flexivel de polipropileno;www.conteflex.com.br;BRASIL;BAHIA;Feira de Santana;Av Sudene, S/N;S/N;CIS-Tomba;;44010-025;(75) 2102-2662 ;  ;; ;bigbag@conteflex.com.br; ; ;;;;; 16584863000193 ;
Acetona Juliana Ltda;;;ÁGUA, ESGOTO, ATIVIDADES DE GESTÃO DE RESÍDUOS E DESCONTAMINAÇÃO; Creme para cabelo  Oleos capilares;Site:;BRASIL;BAHIA;Município:;Logradouro:;S/N;Bairro:;;CEP:;Email:;;; ;Email:; ;;;;;; 03601197000102 ;
Acidos Naturais Comercio Ltda;;;ÁGUA, ESGOTO, ATIVIDADES DE GESTÃO DE RESÍDUOS E DESCONTAMINAÇÃO; Polpa de acai no balde;www.acidosnaturais.com.br;BRASIL;BAHIA;Salvador;Rua Tocantins, 05;S/N;Boca do Rio;;41706-200;(71) 3452-3400 ; (71) 98713-3426 ;; ;gerencia@acidosnaturais.com.br; ; ;;;;; 05644571000344 ;
Acione Com e Serv de Automacao Mecanica e Eletro Eletronica Industrial Ltda;;;ÁGUA, ESGOTO, ATIVIDADES DE GESTÃO DE RESÍDUOS E DESCONTAMINAÇÃO; Manutencao e reparacao de sensor, controlador logico, inversor de frequencia, painel eletronico;;BRASIL;BAHIA;Salvador;Av Luis Viana, 6462;S/N;Paralela;;41680-400;(71) 99173-9880 ; (71) 99172-0916 ;; ;acione@acioneautomacao.com.br; ; (71) 3027-4917;;;;; 14492632000124 ;
Aco Certo Industria e Comercio de Ferro Ltda;;;ÁGUA, ESGOTO, ATIVIDADES DE GESTÃO DE RESÍDUOS E DESCONTAMINAÇÃO; Tela alambrada;;BRASIL;BAHIA;Juazeiro;Lot Centro Industrial Sao Francisco, 776;S/N;Joao Paulo II;;48908-000;(74) 99944-9575 ; (87) 3866-7000 ;; ;samuelsilva@teleaco.com.br; ; ;;;;; 22235012000138 ;
Aco Motriz Produtos Metalurgicos Ltda;;;ÁGUA, ESGOTO, ATIVIDADES DE GESTÃO DE RESÍDUOS E DESCONTAMINAÇÃO; Calandragem de chapa e perfis  Corte e dobra de chapa;Site:;BRASIL;BAHIA;Município:;Logradouro:;S/N;Bairro:;;CEP:;Email:;;; ;Email:; ;;;;;; 02990238000137 ;
Aco Vitoria Comercio de Ferragens Eireli;;;ÁGUA, ESGOTO, ATIVIDADES DE GESTÃO DE RESÍDUOS E DESCONTAMINAÇÃO; Escada;;BRASIL;BAHIA;Brumado;Av Centenario, 1200-A;S/N;Novo Brumado;;46100-000;(77) 3441-5365 ;  ;; ;gilliansantos193@gmail.com; ; ;;;;; 15160913000142 ;
Acobahia Industria e Comercio Ltda;;;ÁGUA, ESGOTO, ATIVIDADES DE GESTÃO DE RESÍDUOS E DESCONTAMINAÇÃO; Abrigo para parada de onibus  Caixa de lixo;Site:;BRASIL;BAHIA;Município:;Logradouro:;S/N;Bairro:;;CEP:;Email:;;; ;Email:; ;;;;;; 01520944000152 ;
Acofibra Industria Comercio e Servicos Eireli;;;ÁGUA, ESGOTO, ATIVIDADES DE GESTÃO DE RESÍDUOS E DESCONTAMINAÇÃO; Fabricacao e montagens de estruturas em fibra de vidro;www.acofibrabahia.com.br;BRASIL;BAHIA;Lauro de Freitas;Rua Djanira Maria Bastos, 202;S/N;Capelao;;42700-000;(71) 3123-9248 ; (71) 99996-5123 ;; ;acofibra@gmail.com; ; (71) 99153-7275;;;;; 19920902000174 ;
Acoforte Industria e Premoldados Ltda;;;ÁGUA, ESGOTO, ATIVIDADES DE GESTÃO DE RESÍDUOS E DESCONTAMINAÇÃO; Bloco;;BRASIL;BAHIA;Ubaira;Rua Emidio Ramos, 196-A;S/N;Centro;;45310-000;(75) 98816-4297 ;  ;; ;marciassantos5@hotmail.com; ; ;;;;; 30159380000172 ;
Aconobre Edificacao e Estrutura Metalica Ltda;;;ÁGUA, ESGOTO, ATIVIDADES DE GESTÃO DE RESÍDUOS E DESCONTAMINAÇÃO; Edificacao  Estrutura metalica;Site:;BRASIL;BAHIA;Município:;Logradouro:;S/N;Bairro:;;CEP:;Email:;;; ;Email:; ;;;;;; 08042149000145 ;
Acopla Industria de Maquinas e Equipamentos Ltda;;;ÁGUA, ESGOTO, ATIVIDADES DE GESTÃO DE RESÍDUOS E DESCONTAMINAÇÃO; Caldeiraria leve e pesada;www.acopla.com.br;BRASIL;BAHIA;Simoes Filho;Via das Torres, 646;S/N;CIA Sul;;43700-000;43700-000;;; ;acopla@acopla.com.br; ;;;;;; 14526388000173 ;
Acos Minas Bahia Eireli;;;ÁGUA, ESGOTO, ATIVIDADES DE GESTÃO DE RESÍDUOS E DESCONTAMINAÇÃO; Calha;;BRASIL;BAHIA;Mortugaba;Av Manoel Pereira de Souza, 1000;S/N;Industrial;;46290-000;(77) 99123-2569 ;  ;; ;gerencia@telhasbahia.com.br; ; ;;;;; 28281431000192 ;
Acqua Brasil - Industria e Comercio de Cosmeticos Ltda;;;ÁGUA, ESGOTO, ATIVIDADES DE GESTÃO DE RESÍDUOS E DESCONTAMINAÇÃO; Condicionador;;BRASIL;BAHIA;Teixeira de Freitas;Via D-4, Quadra Industrial A, Lts 02 e 03, S/N;S/N;Distrito Industrial;;45995-970;(73) 3665-1097 ;  ;; ;; ; ;;;;; 05274748000104 ;
Acqua Products S/A;;;ÁGUA, ESGOTO, ATIVIDADES DE GESTÃO DE RESÍDUOS E DESCONTAMINAÇÃO; Preparacao de peixe congelado, resfriado;www.acquaproducts.com.br;BRASIL;BAHIA;Jaguaripe;Estrada da Ilha da Ajuda, S/N;S/N;Fazenda Sobrado;;44480-000;(71) 3362-7540  ; (75) 3667-9007 ;; ;felipe@acquaproducts.com.br; ; ;;;;; 04069988000104 ;
Acriart Inox Ltda;;;ÁGUA, ESGOTO, ATIVIDADES DE GESTÃO DE RESÍDUOS E DESCONTAMINAÇÃO; Vidracaria;;BRASIL;BAHIA;Teixeira de Freitas;Rua Aguas Claras, 273;S/N;Bela Vista;;45990-280;(73) 3292-3100 ; (73) 3292-6700 ;; ;acriartinox.vendas@outlook.com; ; ;;;;; 23010065000113 ;
Acrilarte Artefatos em Acrilico e Madeira Ltda;;;ÁGUA, ESGOTO, ATIVIDADES DE GESTÃO DE RESÍDUOS E DESCONTAMINAÇÃO; Artefatos em acrilico (trofeu, medalha, display para loja, porta-folder);www.acrilarte.com.br;BRASIL;BAHIA;Lauro de Freitas;Rua Candido Rissut, 272;S/N;Recreio de Ipitanga;;42700-590;(71) 3378-0695 ; (71) 3288-0550 ;; ;acril@terra.com.br; ; ;;;;; 00930216000156 ;
Acrilicos.com Industria, Comercio, Arte e Decoracao Ltda;;;ÁGUA, ESGOTO, ATIVIDADES DE GESTÃO DE RESÍDUOS E DESCONTAMINAÇÃO; Porta;www.acrilicospontocom.com.br;BRASIL;BAHIA;Camacari;Rua Adelina de Sa, 15;S/N;Centro ;;42800-060;(71) 3027-3313 ;  ;; ;acrilicos.com@hotmail.com; ; ;;;;; 13240040000152 ;
Acrilux Comunicacao Visual Ltda;;;ÁGUA, ESGOTO, ATIVIDADES DE GESTÃO DE RESÍDUOS E DESCONTAMINAÇÃO; Banner  Fachada;Site:;BRASIL;BAHIA;Município:;Logradouro:;S/N;Bairro:;;CEP:;Email:;;; ;Email:; ;;;;;; 04225816000174 ;
Acriplanos Manufaturados em Acrilico Eireli;;;ÁGUA, ESGOTO, ATIVIDADES DE GESTÃO DE RESÍDUOS E DESCONTAMINAÇÃO;Lista de Insumos:;www.acriplanos.com.br;BRASIL;BAHIA;Salvador;Rua Alcobaca, 87;S/N;Cabula;;41152-115;(71) 3384-3559 ; (71) 3384-0150 ;; ;financeiro@acriplanos.com.br; ; (71) 3023-9261;;;;; 33921008000140 ;
ACRP Prestacao de Servicos Eventuais Ltda;;;ÁGUA, ESGOTO, ATIVIDADES DE GESTÃO DE RESÍDUOS E DESCONTAMINAÇÃO; Manutencao e reparacao de equipamento industrial;;BRASIL;BAHIA;Alagoinhas;Rua Conselheiro Moura, 26;S/N;Centro;;48103-000;(75) 3422-7891  ; (75) 99902-0064 ;; ;acrp.anilto@hotmail.com; ; ;;;;; 01175567000161 ;
ACS Industria e Materiais de Construcao Ltda;;;ÁGUA, ESGOTO, ATIVIDADES DE GESTÃO DE RESÍDUOS E DESCONTAMINAÇÃO; Corte e dobra de aco;;BRASIL;BAHIA;Luis Eduardo Magalhaes;Rua Burle Marx, 697;S/N;Jardim Paraiso;;47850-000;(77) 3628-9684 ;  ;; ;; ; ;;;;; 15254269000171 ;
ACS Industria e Materiais de Construcao Ltda;;;ÁGUA, ESGOTO, ATIVIDADES DE GESTÃO DE RESÍDUOS E DESCONTAMINAÇÃO; Corte e dobra de aco;;BRASIL;BAHIA;Luis Eduardo Magalhaes;Av Saul Colle, 329;S/N;Bosque dos Girassois 1;;47850-000;(77) 3628-9684 ; (77) 99971-4659 ;; ;acscortedobra@yahoo.com.br; ; ;;;;; 15254269000252 ;
Actec Metalurgica Eireli - ME;;;ÁGUA, ESGOTO, ATIVIDADES DE GESTÃO DE RESÍDUOS E DESCONTAMINAÇÃO; Servico de solda;;BRASIL;BAHIA;Simoes Filho;Rod BA-093, 1562;S/N;Jardim Renatao;;43700-000;(71) 3199-2005 ; (71) 98622-6563 ;; ;actec.andre@gmail.com; ; ;;;;; 07583542000183 ;
Acument Brasil Sistemas de Fixacao S/A;;;ÁGUA, ESGOTO, ATIVIDADES DE GESTÃO DE RESÍDUOS E DESCONTAMINAÇÃO; Fixadores;www.acument.com.br;BRASIL;BAHIA;Camacari;Av Henry Ford, 2000;S/N;Area Indl Leste;;42816-260;(71) 3649-3162  ; (71) 3649-2831 ;; ;mssilva@acument.com; ; ;;;;; 61526836000895 ;
AD Construtora e Empreendimentos Ltda;;;ÁGUA, ESGOTO, ATIVIDADES DE GESTÃO DE RESÍDUOS E DESCONTAMINAÇÃO; Material reciclavel;;BRASIL;BAHIA;Maracas;Rua Antonio da Rocha Dias, 145-B;S/N;Centro;;45360-000;(75) 99955-5936 ; (75) 3426-2128 ;; ;miltondegino@yahoo.com.br; ; ;;;;; 17467204000130 ;
Adaesio Oliveira Leal Pre-Moldados;;;ÁGUA, ESGOTO, ATIVIDADES DE GESTÃO DE RESÍDUOS E DESCONTAMINAÇÃO; Bloco de cimento  Calha;Site:;BRASIL;BAHIA;Município:;Logradouro:;S/N;Bairro:;;CEP:;Email:;;; ;Email:; ;;;;;; 19864595000151 ;
Adailson A Lima;;;ÁGUA, ESGOTO, ATIVIDADES DE GESTÃO DE RESÍDUOS E DESCONTAMINAÇÃO; Cobertura;;BRASIL;BAHIA;Itabuna;1A Travessa Beto Foguete, 175;S/N;Jacana;;45608-650;(73) 98854-1329 ;  ;; ;alves.adailson@gmail.com; ; ;;;;; 24930277000181 ;
Adailton Moreira Gomes - ME;;;ÁGUA, ESGOTO, ATIVIDADES DE GESTÃO DE RESÍDUOS E DESCONTAMINAÇÃO; Moda feminina;;BRASIL;BAHIA;Vitoria da Conquista;Av Lauro de Freitas, 30;S/N;Centro;;45000-230;(77) 3422-8101 ;  ;; ;classadailtonclass@gmail.com; ; ;;;;; 02834491000100 ;
Adailton Pereira Santos - MEI;;;ÁGUA, ESGOTO, ATIVIDADES DE GESTÃO DE RESÍDUOS E DESCONTAMINAÇÃO; Adesivo;;BRASIL;BAHIA;Vitoria da Conquista;Av Santa Marta, 446;S/N;Centro;;45000-785;(77) 3423-1055 ;  ;; ;rubensartlux@hotmail.com; ; ;;;;; 18047352000168 ;
Adailton S. de Amorim - ME;;;ÁGUA, ESGOTO, ATIVIDADES DE GESTÃO DE RESÍDUOS E DESCONTAMINAÇÃO; Box;;BRASIL;BAHIA;Vitoria da Conquista;Caminho Quarenta (Urbis II), 15-A;S/N;Bateias;;45052-094;(77) 3426-3499 ;  ;; ;artferrovca@gmail.com; ; ;;;;; 02120744000175 ;
Adailton Saldanha da Cunha;;;ÁGUA, ESGOTO, ATIVIDADES DE GESTÃO DE RESÍDUOS E DESCONTAMINAÇÃO; Alianca;;BRASIL;BAHIA;Ibotirama;Rua Francisco Duraes, 247;S/N;Sao Francisco;;47520-000;(77) 3698-2046 ;  ;; ;ascjoias@hotmail.com; ; ;;;;; 07504424000132 ;
Adalberto Marques Dourado de Almeida;;;ÁGUA, ESGOTO, ATIVIDADES DE GESTÃO DE RESÍDUOS E DESCONTAMINAÇÃO; Vela;;BRASIL;BAHIA;Canarana;Rod BA-432 Km 60, 20;S/N;Salobro;;44890-000;(74) 3658-2231 ; (74) 99998-9828 ;; ;produtossalobro@hotmail.com; ; ;;;;; 11733612000100 ;
Adalglass Industria e Serv de Esquadrias de Aluminio e Vidros Eireli - ME;;;ÁGUA, ESGOTO, ATIVIDADES DE GESTÃO DE RESÍDUOS E DESCONTAMINAÇÃO; Porta;;BRASIL;BAHIA;Salvador;Rua das Acacias, 24;S/N;Boca da Mata de Valeria;;41298-570;(71) 3384-6264 ; (71) 3385-3356 ;; ;alpac.esquadrias@terra.com.br; ; ;;;;; 10347192000160 ;
Adalio Alves Ribeiro Filho & Cia Ltda;;;ÁGUA, ESGOTO, ATIVIDADES DE GESTÃO DE RESÍDUOS E DESCONTAMINAÇÃO; Sorvete;;BRASIL;BAHIA;Feira de Santana;Rua Amaralina, 2015;S/N;Pampalona;;44031-585;(75) 3624-0715 ; (75) 99191-5498 ;; ;adaliobahia@hotmail.com; ; ;;;;; 13126566000106 ;
Adalton Paula Santos;;;ÁGUA, ESGOTO, ATIVIDADES DE GESTÃO DE RESÍDUOS E DESCONTAMINAÇÃO; Pia;;BRASIL;BAHIA;Dom Basilio;Praca Osorio, BA-148, 10-A;S/N;Santa Luzia;;46165-000;(77) 99105-5221 ;  ;; ;gransantosmarmoraria@outlook.com; ; ;;;;; 29067484000178 ;
Adami Movelaria Industria e Comercio - ME;;;ÁGUA, ESGOTO, ATIVIDADES DE GESTÃO DE RESÍDUOS E DESCONTAMINAÇÃO; Armario de cozinha, quarto, banheiro, closet;;BRASIL;BAHIA;Lauro de Freitas;Trv Ministro Antonio Carlos Magalhaes, 323;S/N;Buraquinho;;42700-000;(71) 3379-9914 ; (71) 99982-6296 ;; ;adamimovelaria@hotmail.com; ; ;;;;; 09485957000140 ;
Adauto Alves de Lima - ME;;;ÁGUA, ESGOTO, ATIVIDADES DE GESTÃO DE RESÍDUOS E DESCONTAMINAÇÃO; Conserto e reforma de maquina e equipamento agricola;www.chapadaomaquinas.com.br;BRASIL;BAHIA;Canarana;Rua Francisco Barbosa do Nascimento, 233;S/N;Centro;;44890-000;(74) 3656-2142 ; (74) 99979-1121 ;; ;chapadaomaquinas@hotmail.com; ; ;;;;; 03433803000128 ;
Adeany Paula Borges dos Santos - ME;;;ÁGUA, ESGOTO, ATIVIDADES DE GESTÃO DE RESÍDUOS E DESCONTAMINAÇÃO; Manutencao de geradores, motores e maquinas industriais;;BRASIL;BAHIA;Sao Desiderio;Rua JK Brasil, 00;S/N;Roda Velha;;47827-000;(77) 99961-2842 ; (77) 99814-2842 ;; ;centralmotoreseletricos@hotmail.com; ; ;;;;; 19420784000135 ;
Adeilton dos Santos;;;ÁGUA, ESGOTO, ATIVIDADES DE GESTÃO DE RESÍDUOS E DESCONTAMINAÇÃO; Biscoito;;BRASIL;BAHIA;Valenca;Rua Hortencias, 06;S/N;Bolivia;;45400-000;(75) 98841-9031 ;  ;; ;; ; ;;;;; 11707434000142 ;
Ademar Francisco do Nascimento - ME;;;ÁGUA, ESGOTO, ATIVIDADES DE GESTÃO DE RESÍDUOS E DESCONTAMINAÇÃO; Reforma de estofado, cadeira, sofa;;BRASIL;BAHIA;Itabuna;Rua Juarez Tavora, 1350;S/N;Sao Caetano;;45607-410;(73) 98841-2156  ;  ;; ;; ; ;;;;; 05480894000188 ;
Ademil Roza Menezes - MEI;;;ÁGUA, ESGOTO, ATIVIDADES DE GESTÃO DE RESÍDUOS E DESCONTAMINAÇÃO; Bolo  Pao;Site:;BRASIL;BAHIA;Município:;Logradouro:;S/N;Bairro:;;CEP:;Email:;;; ;Email:; ;;;;;; 08548487000153 ;
Ademilton Macedo dos Santos - ME;;;ÁGUA, ESGOTO, ATIVIDADES DE GESTÃO DE RESÍDUOS E DESCONTAMINAÇÃO; Bolsa;;BRASIL;BAHIA;Ipira;Rua Jose Saint Clair, 15;S/N;Centro;;44600-000;(75) 99127-3186 ;  ;; ;ademiltonmacedo@hotmail.com; ; ;;;;; 22485428000104 ;
Ademir Alves Nunes da Silva - ME;;;ÁGUA, ESGOTO, ATIVIDADES DE GESTÃO DE RESÍDUOS E DESCONTAMINAÇÃO; Basculante;;BRASIL;BAHIA;Paulo Afonso;Rua Marechal Floriano Peixoto, 237-C;S/N;Centro;;48601-210;(75) 98803-0352 ; (75) 99165-7061 ;; ;pimenta.esquadrias@hotmail.com; ; ;;;;; 21519338000124 ;
Ademir dos Santos Mota & Cia Ltda;;;ÁGUA, ESGOTO, ATIVIDADES DE GESTÃO DE RESÍDUOS E DESCONTAMINAÇÃO; Amido de milho;(71) 3304-9188 /  / ;BRASIL;BAHIA;Loja/Terreo; Sal;S/N; Sem Interesse;; Sem Interesse;Estado:;;; ;Estado:; ;;;;;; 06245751000154 ;
Ademir Guido Pes & Cia Ltda;;;ÁGUA, ESGOTO, ATIVIDADES DE GESTÃO DE RESÍDUOS E DESCONTAMINAÇÃO; Porta joia;;BRASIL;BAHIA;Luis Eduardo Magalhaes;Rua Para, 418;S/N;Mimoso do Oeste;;47850-000;(77) 3628-3043 ;  ;; ;super-loja@hotmail.com; ; ;;;;; 09620640000179 ;
Ademir Souza Coutinho - ME;;;ÁGUA, ESGOTO, ATIVIDADES DE GESTÃO DE RESÍDUOS E DESCONTAMINAÇÃO; Bolo;;BRASIL;BAHIA;Malhada de Pedras;Rua Geroncio Azevedo, S/N;S/N;Centro;;46110-970;(77) 98828-5499 ;  ;; ;; ; ;;;;; 10467699000158 ;
Adenilson Portugal dos Santos;;;ÁGUA, ESGOTO, ATIVIDADES DE GESTÃO DE RESÍDUOS E DESCONTAMINAÇÃO;Lista de Insumos:;;BRASIL;BAHIA;Teixeira de Freitas;Rua do Cedro, 347;S/N;Castelinho;;45996-455;(73) 3292-6752 ; (73) 99996-6492 ;; ;; ; ;;;;; 40457434000130 ;
Adenilto Nunes de Souza - ME;;;ÁGUA, ESGOTO, ATIVIDADES DE GESTÃO DE RESÍDUOS E DESCONTAMINAÇÃO; Esquadria de vidro;;BRASIL;BAHIA;Simoes Filho;Av Rui Barbosa, 25;S/N;Centro;;43700-000;(71) 3298-3868 ; (71) 98857-1555 ;; ;adeniltonsouza2014@gmail.com; ; ;;;;; 18515329000150 ;
Adenilton Francisco da Silva Eireli;;;ÁGUA, ESGOTO, ATIVIDADES DE GESTÃO DE RESÍDUOS E DESCONTAMINAÇÃO; Estaca ecologica;;BRASIL;BAHIA;Elisio Medrado;Fazenda Arco Verde, S/N;S/N;Zona Rural;;45305-000;(75) 98800-0825 ; (75) 98825-2872 ;; ;estacasarcoverde2017@yahoo.com; ; ;;;;; 19203446000141 ;
Ader Fabrica de Racoes e Distr de Alimentos Ltda;;;ÁGUA, ESGOTO, ATIVIDADES DE GESTÃO DE RESÍDUOS E DESCONTAMINAÇÃO; Racao para aves  Racao para codornas;Site:;BRASIL;BAHIA;Município:;Logradouro:;S/N;Bairro:;;CEP:;Email:;;; ;Email:; ;;;;;; 42071852000110 ;
Adeskollor Etiquetas Adesivas Ltda;;;ÁGUA, ESGOTO, ATIVIDADES DE GESTÃO DE RESÍDUOS E DESCONTAMINAÇÃO; Etiqueta;;BRASIL;BAHIA;Vitoria da Conquista;Rua Marta Vasconcelos, 79;S/N;Centro;;45000-725;(77) 3421-9760 ; (77) 3427-4537 ;; ;financeiroadeskollor@hotmail.com; ; ;;;;; 06161719000190 ;
Adeskollor Etiquetas Adesivas Ltda;;;ÁGUA, ESGOTO, ATIVIDADES DE GESTÃO DE RESÍDUOS E DESCONTAMINAÇÃO; Rotulo;;BRASIL;BAHIA;Vitoria da Conquista;Rua Marta Vasconcelos, 79;S/N;Centro;;45000-725;(77) 3421-9760 ; (77) 3427-4537 ;; ;financeiroadeskollor@hotmail.com; ; ;;;;; 06161719000352 ;
Adibrax Quimica Ltda;;;ÁGUA, ESGOTO, ATIVIDADES DE GESTÃO DE RESÍDUOS E DESCONTAMINAÇÃO; Aditivo para radiador;www.adibrax.ind.br;BRASIL;BAHIA;Lauro de Freitas;Rua da Alegria, 122;S/N;Recreio Ipitanga;;42700-260;(71) 3051-0201 ; (71) 3027-2768 ;; ;comercial@adibrax.ind.br; ; (71) 99331-0201;;;;; 23086959000197 ;
Adilson Almeida Santos Junior;;;ÁGUA, ESGOTO, ATIVIDADES DE GESTÃO DE RESÍDUOS E DESCONTAMINAÇÃO; Farinha de trigo;;BRASIL;BAHIA;Vitoria da Conquista;Rua Frei Vital, 48-A;S/N;Ibirapuera;;45075-630;(77) 98819-9013 ;  ;; ;adilson2110@hotmail.com; ; ;;;;; 10573554000131 ;
Adilson Nunes da Silva;;;ÁGUA, ESGOTO, ATIVIDADES DE GESTÃO DE RESÍDUOS E DESCONTAMINAÇÃO; Moveis planejados; ;BRASIL;BAHIA;Caravelas;Rua das Palmeiras, 200;S/N;Olaria;;45900-000;(73) 99977-1976 ;  ;; ;wamarcenaria10@gmail.com; ; ;;;;; 20898992000123 ;
Adilson Sales dos Santos;;;ÁGUA, ESGOTO, ATIVIDADES DE GESTÃO DE RESÍDUOS E DESCONTAMINAÇÃO; Recuperacao de pecas para automoveis de grande porte;;BRASIL;BAHIA;Mucuri;Rodovia BR-101 Km 948, S/N;S/N;Itabata;;45930-000;(73) 99924-5960 ;  ;; ;adilsontorneiro530@gmail.com; ; ;;;;; 26267281000137 ;
Adilson Teixeira da Silva;;;ÁGUA, ESGOTO, ATIVIDADES DE GESTÃO DE RESÍDUOS E DESCONTAMINAÇÃO; Uniforme sob medida para empresas;;BRASIL;BAHIA;Oliveira dos Brejinhos;Rua Dr Joao Cupertino da Silva, 56;S/N;Centro;;47530-000;(77) 3642-2019 ;  ;; ;liuconfecciona@yahoo.com.br; ; ;;;;; 11047635000160 ;
Adinael Brito dos Santos - ME;;;ÁGUA, ESGOTO, ATIVIDADES DE GESTÃO DE RESÍDUOS E DESCONTAMINAÇÃO; Manutencao de geradores, motores e maquinas industriais;;BRASIL;BAHIA;Campo Formoso;Av Presidente Tancredo Neves, 863;S/N;Centro;;44790-000;(74) 3645-1890 ; (74) 99117-5035 ;; ;casadosmotoreseletricos18@hotmail.com; ; ;;;;; 07467751000161 ;
Adinor Industria e Comercio de Aditivos Ltda;;;ÁGUA, ESGOTO, ATIVIDADES DE GESTÃO DE RESÍDUOS E DESCONTAMINAÇÃO; Adicrem Creme Confeiteiro;www.adinor.com.br;BRASIL;BAHIA;Feira de Santana;Av Banco do Nordeste, S/N;S/N;Tomba;;44010-665;(75) 3322-3166 ;  ;; ;comercial@adinor.com.br; ; ;;;;; 13457189000198 ;
Adival Alves dos Anjos - EPP;;;ÁGUA, ESGOTO, ATIVIDADES DE GESTÃO DE RESÍDUOS E DESCONTAMINAÇÃO; Telha;;BRASIL;BAHIA;Caetite;Rod Caetite/Igapora Km 01, S/N;S/N;Sede;;46400-000;(77) 3454-1333 ; (77) 3454-1186 ;; ;cparana.cte@hotmail.com; ; ;;;;; 13778782000136 ;
ADJ Servicos Ltda;;;ÁGUA, ESGOTO, ATIVIDADES DE GESTÃO DE RESÍDUOS E DESCONTAMINAÇÃO; Construcao civil;;BRASIL;BAHIA;Salvador;Rua Sr do Bonfim, 04-B;S/N;Lobato;;40470-151;(71) 3215-5986  ; (71) 98638-5085 ;; ;; ; ;;;;; 12865469000172 ;
ADJB Artefatos de Cimento Ltda;;;ÁGUA, ESGOTO, ATIVIDADES DE GESTÃO DE RESÍDUOS E DESCONTAMINAÇÃO; Meio-fio;;BRASIL;BAHIA;Vitoria da Conquista;Rua Rio Agra Fria, 200;S/N;Candeias;;45029-106;(77) 98801-9441 ;  ;; ;adjbart@gmail.com; ; ;;;;; 14078476000150 ;
ADM da Silva Oliveira Serralheria;;;ÁGUA, ESGOTO, ATIVIDADES DE GESTÃO DE RESÍDUOS E DESCONTAMINAÇÃO; Corrimao;;BRASIL;BAHIA;Queimadas;Travessa da Paulista, 38;S/N;Acampamento;;48860-000;(75) 99949-3808 ;  ;; ;adaodiegom@gmail.com; ; ;;;;; 26090489000123 ;
Admcs Comercio e Servicos Ltda;;;ÁGUA, ESGOTO, ATIVIDADES DE GESTÃO DE RESÍDUOS E DESCONTAMINAÇÃO;Lista de Insumos:;(71) 3215-6106 / (71) 3215-3621 / ;BRASIL;BAHIA;Lt 4 Galpao; Vinil adesivo;S/N; Sem Interesse;; Sem Interesse;Estado:;;; ;Estado:; ;;;;;; 02279318000189 ;
Adnilson Pereira dos Santos de Itapoan;;;ÁGUA, ESGOTO, ATIVIDADES DE GESTÃO DE RESÍDUOS E DESCONTAMINAÇÃO; Acai;www.aritasorvetes.com.br;BRASIL;BAHIA;Salvador;Rua da Mangueira do Km 17, 32;S/N;Itapua;;41610-790;(71) 3249-2228  ; (71) 3249-7484 ;; ;contato@aritasorvetes.com.br; ; (71) 99171-0942;;;;; 00645361000195 ;
Adri Metal Industria e Comercio de Moveis Ltda;;;ÁGUA, ESGOTO, ATIVIDADES DE GESTÃO DE RESÍDUOS E DESCONTAMINAÇÃO; Movel escolar;;BRASIL;BAHIA;Itapicuru;Rua Dona Santa, 90;S/N;Centro;;48475-000;(75) 99921-9897 ; (75) 3430-2507 ;; ;adrimetal@hotmail.com; ; ;;;;; 17873426000152 ;
Adriana Aparecida Moreira Godinho - ME;;;ÁGUA, ESGOTO, ATIVIDADES DE GESTÃO DE RESÍDUOS E DESCONTAMINAÇÃO; Manutencao de maquinas;;BRASIL;BAHIA;Luis Eduardo Magalhaes;Rua Espirito Santo, 208;S/N;Centro;;47850-000;(77) 3628-2065 ; (77) 3628-0607 ;; ;tornearia.atendimento@yahoo.com.br; ; ;;;;; 10701525000108 ;
Adriana Araujo da Silva dos Santos - ME;;;ÁGUA, ESGOTO, ATIVIDADES DE GESTÃO DE RESÍDUOS E DESCONTAMINAÇÃO; Manutencao e reparacao de maquinas para a industria do vestuario;;BRASIL;BAHIA;Salvador;Rua do Uruguay, 754;S/N;Uruguai;;40450-211;(71) 3013-3952 ; (71) 99735-6288 ;; ;adrianamb54@hotmail.com; ; ;;;;; 11171605000161 ;
Adriana Carvalho Steindorf;;;ÁGUA, ESGOTO, ATIVIDADES DE GESTÃO DE RESÍDUOS E DESCONTAMINAÇÃO; Biscoito;;BRASIL;BAHIA;Lauro de Freitas;Av Luiz Tarquinio Pontes, 1605-A;S/N;Pitangueiras;;42701-450;(71) 3379-2331 ; (71) 99111-5851 ;; ;adriana.steindorf@gmail.com; ; ;;;;; 34115479000123 ;
Adriana Cruz Alves - EPP;;;ÁGUA, ESGOTO, ATIVIDADES DE GESTÃO DE RESÍDUOS E DESCONTAMINAÇÃO; Cueca;;BRASIL;BAHIA;Vitoria da Conquista;Av Presidente Dutra, 3585;S/N;Centro;;45000-010;(77) 3423-4327 ;  ;; ;bigjoy_adriana@hotmail.com; ; ;;;;; 05815549000158 ;
Adriana da Fonseca Gordilho - ME;;;ÁGUA, ESGOTO, ATIVIDADES DE GESTÃO DE RESÍDUOS E DESCONTAMINAÇÃO; Base de mesa;;BRASIL;BAHIA;Salvador;Rua Juazeiro (Pq Cruz Aguiar), 16;S/N;Rio Vermelho;;41940-670;(71) 99137-9865 ;  ;; ;adrianafgordilho@hotmail.com; ; ;;;;; 02886514000111 ;
Adriana Fernandes de Oliveira Neves - ME;;;ÁGUA, ESGOTO, ATIVIDADES DE GESTÃO DE RESÍDUOS E DESCONTAMINAÇÃO; Envase de agua de coco verde;www.aguadecocoice.com.br;BRASIL;BAHIA;Guanambi;Rua Vanda Neves Freitas, 96;S/N;Santa Catarina;;46430-000;(77) 3451-9990  ;  ;; ;cocoicegbi@hotmail.com; ; ;;;;; 07262356000142 ;
Adriana Ferreira da Silva Lopes de Arueira;;;ÁGUA, ESGOTO, ATIVIDADES DE GESTÃO DE RESÍDUOS E DESCONTAMINAÇÃO; Bloco ceramico;;BRASIL;BAHIA;Filadelfia;Rua Povoado de Arueira, S/N;S/N;Arueira;;44775-000;(74) 99962-0899 ;  ;; ;silvaadriana23@hotmail.com; ; ;;;;; 06995144000101 ;
Adriana Moitinho Soares Silva - EPP;;;ÁGUA, ESGOTO, ATIVIDADES DE GESTÃO DE RESÍDUOS E DESCONTAMINAÇÃO; Bloco ceramico;;BRASIL;BAHIA;Belo Campo;Fazenda Sussuarana, 987-B;S/N;Zona Rural;;45160-000;(77) 99996-4842 ; (77) 3437-2451 ;; ;madereiralmeida@yahoo.com.br; ; ;;;;; 11588976000224 ;
Adriano de Assuncao Rocha;;;ÁGUA, ESGOTO, ATIVIDADES DE GESTÃO DE RESÍDUOS E DESCONTAMINAÇÃO; Beneficiamento de couro;;BRASIL;BAHIA;Jacobina;Rua Sabino Jose de Santana, 228;S/N;Nazare;;44700-000;(74) 98817-2765 ; (74) 99191-6334 ;; ;assuncaocalcados@outlook.com; ; ;;;;; 19661726000101 ;
Adriano de Jesus - ME;;;ÁGUA, ESGOTO, ATIVIDADES DE GESTÃO DE RESÍDUOS E DESCONTAMINAÇÃO; Comunicacao visual;;BRASIL;BAHIA;Pocoes;Rua Coronel Alberto Lopes, 27;S/N;Centro;;45260-000;(77) 3431-1464 ; (77) 98842-0448 ;; ;adriano_tribal@hotmail.com; ; ;;;;; 08436189000171 ;
Adriano de Jesus Queiroz;;;ÁGUA, ESGOTO, ATIVIDADES DE GESTÃO DE RESÍDUOS E DESCONTAMINAÇÃO; Calendario de mesa;;BRASIL;BAHIA;Salvador;Rua Potiragua, 71;S/N;Pernambues;;41100-160;41100-160;;; ;adriartcomunicacao@gmail.com; ;;;;;; 08338593000102 ;
Adriano Ribeiro Reis - ME;;;ÁGUA, ESGOTO, ATIVIDADES DE GESTÃO DE RESÍDUOS E DESCONTAMINAÇÃO; Suporte para cilindro GNV;;BRASIL;BAHIA;Salvador;Rua Silvino Pereira, 144;S/N;Uruguai;;40454-120;(71) 3313-7503 ; (71) 98763-4033 ;; ;ferasgas@hotmail.com; ; ;;;;; 18504250000124 ;
Adriclesia Industria e Comercio de Panificacao Ltda;;;ÁGUA, ESGOTO, ATIVIDADES DE GESTÃO DE RESÍDUOS E DESCONTAMINAÇÃO; Sanduiche de metro;;BRASIL;BAHIA;Itamaraju;Av Perimetral, 1126;S/N;Centro;;45836-000;(73) 3294-6269 ;  ;; ;clesiasalarini@gmail.com; ; ;;;;; 14042976000131 ;
Adsart Comunicaco Visual, Publicidades e Propagandas Eireli;;;ÁGUA, ESGOTO, ATIVIDADES DE GESTÃO DE RESÍDUOS E DESCONTAMINAÇÃO; Faixa;;BRASIL;BAHIA;Simoes Filho;Av Eng Walter Aragao de Souza, 343-A;S/N;Km 30;;43700-000;(71) 98142-7667 ;  ;; ;adsartcomunicacovisual@hotmail.com; ; ;;;;; 13790232000132 ;
Adson Silva Bomfim - ME;;;ÁGUA, ESGOTO, ATIVIDADES DE GESTÃO DE RESÍDUOS E DESCONTAMINAÇÃO; Nove eixos;;BRASIL;BAHIA;Barreiras;Rodovia BR 020-242 Km 604, 604;S/N;Vale da Boa Esperanca;;47800-000;(77) 2103-8015 ; (77) 99904-9244 ;; ;adsonchapada@hotmail.com; ; ;;;;; 19710752000174 ;
Advance Industria e Comercio de Artigos para Piscinas e Lazer Ltda;;;ÁGUA, ESGOTO, ATIVIDADES DE GESTÃO DE RESÍDUOS E DESCONTAMINAÇÃO; Guarda-sol;www.advancesombreiros.com.br;BRASIL;BAHIA;Lauro de Freitas;Rua Meire T do Nascimento, 72;S/N;Itinga;;42700-000;(71) 3252-2244 ;  ;; ;advancesombreiros@gmail.com; ; ;;;;; 00858512000193 ;
Advento Bolsas e Brindes Ltda;;;ÁGUA, ESGOTO, ATIVIDADES DE GESTÃO DE RESÍDUOS E DESCONTAMINAÇÃO; Bolsa;;BRASIL;BAHIA;Serrolandia;Rua Vivaldino Pereira da Silva, 32;S/N;Sol Nascente;;44710-000;(74) 3631-2139 ; (74) 98111-3162 ;; ;adventobolsas@gmail.com; ; ;;;;; 12296903000140 ;
AEE Servicos de Eletro Eletronico Ltda;;;ÁGUA, ESGOTO, ATIVIDADES DE GESTÃO DE RESÍDUOS E DESCONTAMINAÇÃO; Instalacao e manutencao de gerador, no-break, subestacao, banco de capacitores;www.unienergia.com.br;BRASIL;BAHIA;Salvador;Rua Senador Theotonio Vilela, 190;S/N;Parque Bela Vista;;40279-435;(71) 3359-7183 ; (71) 3355-0399 ;; ;unienergia@unienergia.com.br; ; ;;;;; 20180948000183 ;
Aeromex-Aerocentro Montagem Experimental Ltda;;;ÁGUA, ESGOTO, ATIVIDADES DE GESTÃO DE RESÍDUOS E DESCONTAMINAÇÃO; Manutencao e fabricacao de aeronave;;BRASIL;BAHIA;Barreiras;Est Vicinal do Barrocao Km 3,5, S/N;S/N;Zona Rural;;47805-970;(77) 3021-3733 ; (77) 99850-1777 ;; ;administrativo@aerocentro.com.br; ; ;;;;; 12508055000196 ;
AF Tec Comercio e Servicos Ltda;;;ÁGUA, ESGOTO, ATIVIDADES DE GESTÃO DE RESÍDUOS E DESCONTAMINAÇÃO; Manutencao e reparacao de aparelhos eletromedicos (bomba de infusao, endoscopio flexivel);;BRASIL;BAHIA;Salvador;Rua dos Cursilhistas, S/N;S/N;Dom Avelar;;41315-002;(71) 99978-3585 ; (71) 98707-3848 ;; ;af.tec2014@gmail.com; ; ;;;;; 19764938000106 ;
AFA Industria e Comercio de Moveis Ltda;;;ÁGUA, ESGOTO, ATIVIDADES DE GESTÃO DE RESÍDUOS E DESCONTAMINAÇÃO; Movel planejado para cozinha e dormitorio;;BRASIL;BAHIA;Porto Seguro;Rua Vivenda dos Salvos, 218;S/N;Campinho;;45810-000;(73) 3268-3795 ; (73) 99991-8042 ;; ;mastertecps@hotmail.com; ; ;;;;; 11876207000140 ;
Afiaco Comercio e Servicos Ltda;;;ÁGUA, ESGOTO, ATIVIDADES DE GESTÃO DE RESÍDUOS E DESCONTAMINAÇÃO; Servico de afiacao para serras circulares;;BRASIL;BAHIA;Salvador;Av Octavio Mangabeira, 37-A;S/N;Boca do Rio;;41706-690;(71) 99737-0024 ;  ;; ;afiaco@wlrep.com.br; ; ;;;;; 15684627000186 ;
AFP Ferreira Ind e Com de Beneficiamento de Leite Ltda;;;ÁGUA, ESGOTO, ATIVIDADES DE GESTÃO DE RESÍDUOS E DESCONTAMINAÇÃO; Leite pasteurizado;;BRASIL;BAHIA;Feira de Santana;Rodovia BR-324 Km 96, S/N;S/N;Distrito de Humildes;;44135-000;(75) 3625-3249  ; (75) 99988-3247 ;; ;leiteatlanta@br.inter.net; ; (75) 99129-2387;;;;; 04023251000142 ;
Afrisul Abatedouro e Frigorifico Regional Sul da Bahia Ltda;;;ÁGUA, ESGOTO, ATIVIDADES DE GESTÃO DE RESÍDUOS E DESCONTAMINAÇÃO; Farinha de osso;;BRASIL;BAHIA;Itabuna;Rod BR 415 Km 40, S/N;S/N;Ferradas;;45600-970;(73) 3616-1155 ;  ;; ;granfel1@hotmail.com; ; ;;;;; 00664386000136 ;
